 Skip Material Transfer to WIP Warehouse,تخطي نقل المواد إلى مخزن تحت التشغيل,
%  Delivered,٪ المسلَّم,
% Amount Billed,٪ المبلغ المفوتر,
% Complete Method,طريقة الإكتمال %,
% Installed,٪ المركَّب,
% Picked,٪ المجهَّز,
A Lead with this Email Address should exist,يجب وجود عميل محتمل بهذا البريد الإلكتروني,
AMC Expiry Date,تاريخ إنتهاء عقد الصيانة السنوي,
About,نبذة,
Absent,غائب,
Accepted Quantity,الكمية المقبولة,
Accepted Warehouse,مخزن الأصناف المقبولة,
Account,الحساب,
Account Currency (From),عملة الحساب (من),
Account Currency (To),عملة الحساب (إلى),
Account Head,الحساب الرئيسي,
Account Manager,مدير الحساب,
Account Paid From,الحساب المدفوع منه,
Account Paid To,الحساب المدفوع إليه,
Account for Change Amount,حساب مبلغ الباقي,
Accountant,محاسب,
Accounting,الحسابات,
Accounting Details,تفاصيل محاسبية,
Accounting Dimension,الابعاد المحاسبية,
Accounting Entries,القيود المحاسبية,
Accounting Masters,الاعدادات الاساسية,
Accounts,الحسابات,
Accounts - E,الحسابات ,
Accounts Closing,اقفالات الحسابات,
Accounts Payable,الحسابات الدائنة,
Accounts Receivable,الحسابات المدينة,
"Accounts, Invoices, Taxation, and more.",الحسابات والفواتير والضرائب وغيرها.,
Accumulated Depreciation,مجمع الإهلاك,
Accumulated Depreciation - ES,الاستهلاك المتراكم,
Accumulated Depreciation Account,حساب مجمع الإهلاك,
Accumulated Depreciation Amount,قيمة مجمع الإهلاك,
Actual Time (in hours),الوقت الفعلي (بالساعات),
Add Child,إضافة فرع,
Add a comment,اضافة تعليق,
Additional Discount Amount,قيمة الخصم الاضافي,
Additional Discount Amount (Company Currency),مبلغ الخصم الإضافي (بعملة الشركة),
Additional Discount Percentage,نسبة الخصم الإضافي,
Additional Information,معلومات إضافية,
Additional information regarding the customer.,معلومات إضافية عن العميل,
Address And Contacts,العناوين وجهات الاتصال,
Address Line 1,العنوان 1,
Address Line 2,العنوان 2,
Address Name,العنوان,
Address and Contact,العنوان وجهة الاتصال,
Address and Contacts,العناوين وجهات الاتصال,
Administrative Officer,مسؤول إداري,
Advance Paid,الدفعة المقدمة المسددة,
Advance Paid (Company Currency),الدفعة المقدمة المسددة (عملة الشركة),
Advance Taxes and Charges,ضرائب ورسوم الدفعات المقدمة,
Advance Voucher No,رقم سند الدفعة المقدمة,
Advance Voucher Type,نوع سند الدفعة المقدمة,
Advance amount,المبلغ المقدم,
Advances,الدفعات المقدمة,
Against Blanket Order,مقابل اتفاقية إطارية,
Against Income Account,مقابل حساب الإيراد,
Ageing Range 1,النطاق العمرى 1,
Ageing Range 2,النطاق العمرى 2,
Ageing Range 3,النطاق العمرى 3,
Ageing Range 4,النطاق العمرى 4,
Agent,وكيل,
Alias,اسم مختصر,
All Lead (Open),جميع العملاء المحتملين (مفتوح),
Allocate Advances Automatically (FIFO),تخصيص الدفعات المقدمة تلقائيا (FIFO),
Allocated Amount,المبلغ المخصص,
Allow Item to be added multiple times in a transaction,السماح بإضافة الصنف أكثر من مرة في المعاملة,
Allow Monthly Depreciation,السماح بالإهلاك شهريا,
Allow Multiple Material Consumption,السماح بصرف الخامات المطلوبة اكثر من مرة ,
Allow Overtime,السماح بساعات العمل الإضافية,
Allow Production on Holidays,السماح بالإنتاج خلال العطلات,
Allow Purchase Invoice Creation Without Purchase Order,السماح بإنشاء فاتورة مشتريات بدون أمر شراء,
Allow Purchase Invoice Creation Without Purchase Receipt,السماح بإنشاء فاتورة مشتريات بدون إذن إستلام مشتريات,
Allow Rename Attribute Value,السماح بإعادة تسمية قيمة المواصفة,
Allow Sales Invoice Creation Without Delivery Note,السماح بإنشاء فاتورة المبيعات بدون إذن تسليم العميل,
Allow Sales Invoice Creation Without Sales Order,السماح بإنشاء فاتورة المبيعات بدون أمر بيع,
Allow Sending Usage Data for Improving Applications,السماح بارسال سجل التغييرات لتحسين النظام,
Allow Zero Valuation Rate,السماح بقيمة صفر للتكلفة,
Allow existing Serial No to be Manufactured/Received again,السماح بتصنيع / استلام الرقم التسلسلي الحالي مرة أخرى,
Allow multi-currency invoices against single party account,السماح بفواتير متعددة العميلات مقابل حساب طرف واحد,
Allow multiple Material Consumption against a Work Order,السماح المتعدد بإستهلاك المواد لكل أمر الإنتاج,
Allow multiple Sales Orders against a Customer's Purchase Order,السماح بعدة أوامر بيع لنفس أمر شراء العميل,
Allow purchase invoice creation without purchase order,السماح بإنشاء فاتورة شراء بدون أمر شراء,
Allow purchase invoice creation without purchase receipt,السماح بإنشاء فاتورة شراء بدون إيصال استلام,
Allow sales invoice creation without delivery note,السماح بإنشاء فاتورة بيع بدون إشعار تسليم,
Allow sales invoice creation without sales order,السماح بإنشاء فاتورة بيع بدون أمر بيع,
Allow user to edit Price List Rate in transactions,السماح للمستخدم بتعديل سعر قائمة الأسعار في المعاملات,
Allowance,مخصص,
Allowed to transact with,مسموح بالتعامل مع,
Alternative Item Code,كود الصنف البديل,
Amended From,معدَّلة من,
Amount,المبلغ,
Amount After Depreciation,القيمة بعد الإهلاك,
Amount Eligible for Commission,المبلغ الخاضع للعمولة,
Analyst,المحلل,
Annual Salary,الراتب السنوي,
Applicable for Countries,تنطبق على الدول,
Applicant-Wise Loan Security Exposure,مخاطر القرض حسب مقدم الطلب,
Apply Additional Discount On,تطبيق الخصم الإضافي على,
Apply Multiple Pricing Rules,تطبيق شروط تسعير متعددة,
Apply Rule On Brand,تطبيق الشرط على العلامة التجارية,
Apply Rule On Item Code,تطبيق الشرط على كود الصنف,
Apply Rule On Item Group,تطبيق الشرط على مجموعة الصنف,
Apply Rule On Other,تطبيق الشرط أيضا على,
Appraisal Template,نموذج التقيم ,
Apprentice,مبتدئ,
Arrear,متأخر,
As per Stock UOM,وفقا لوحدة قياس المخزون,
Asset,الأصل,
Asset Capitalization,رسملة الأصل,
Asset Depreciation Ledger,سجل إهلاك الأصول,
Asset Depreciations and Balances,إهلاك الأصول والأرصدة,
Asset Name,اسم الأصل,
Asset Owner,مالك الأصل,
Assets,الأصول,
Assets Location,تقرير مواقع الأصول,
Assign to Name,تكليف إلى,
Assignment based on,تحديد الأجازة على أساس,
Associate,مساعد,
Attribute,المواصفة,
Attribute Name,اسم المواصفة,
Attribute Value,قيمة المواصفة,
Auto Create Assets on Purchase,إنشاء الأصل تلقائيا عند الشراء,
Auto Insert Item Price If Missing,ادراج سعر الصنف تلقائيا اذا كان مفقودا,
Auto Reconcile Payments,تسوية المدفوعات بشكل تلقائي,
Auto Repeat,التكرار التلقائي,
Auto close Issue after 7 days,إغلاق تلقائي للتذكرة بعد 7 أيام,
Automatically Fetch Payment Terms from Order,جلب شروط الدفع تلقائيا من الطلب,
Automatically Set Serial Nos based on FIFO,تحديد الأرقام التسلسلية بناء على FIFO تلقائيا,
Available Batch Qty at From Warehouse,كمية الدفعة المتاحة في مستودع الصرف,
Available Batch Qty at Warehouse,كمية التشغيلة المتاحة بالمخزن,
Available QTY,الكمية المتاحة,
Available Qty at From Warehouse,الكمية المتوفرة في المخزن (المصدر),
Available Qty at Target Warehouse,الكمية المتاحة في المستودع المستهدف,
Available Qty at Warehouse,الكمية المتاحة في المخزن,
Available Stock for Packing Items,المخزون المتاح للأصناف المعبأة,
Average Commission Rate,متوسط نسبة العمولة,
BOM,قائمة مكونات المواد,
BOM 1,قائمة مكونات المواد 1,
BOM 2,قائمة مكونات المواد 2,
BOM Comparison Tool,أداة مقارنة قائمة مكونات المواد,
BOM Info,معلومات قائمة المواد,
BOM No,رقم قائمة مكونات المواد,
BOM Operation,العمليات الانتاجية,
BOM Search,البحث عن قائمة مكونات المواد,
BOM Stock Report,تقير برصيد قوائم مكونات المنتج,
BOM Update Tool,أداة تحديث قائمة مكونات المواد,
Back to sign in,العودة لتسجيل الدخول,
Backflush Raw Materials Based On,اعادة خصم المواد الخام من مخزن تحت التشغيل بناء على,
Backflush Raw Materials From Work-in-Progress Warehouse,إرتجاع المواد الخام من مخزن تحت التشغيل,
Backflush Raw Materials of Subcontract Based On,اعادة خصم مواد التشغيل لدى الغير بناء على,
Balance (EGP),الرصيد,
Balance Qty,الرصيد,
Balance Sheet,الميزانية,
Bank,البنك,
Bank Account,الحساب البنكي,
Bank Account No,رقم الحساب المصرفي,
Bank Draft,حوالة مصرفية,
"Bank Reconciliation Statement_x000D_
",كشف التسويات البنكية,
Bank Reconciliation Tool,أداة تسوية حساب البنك,
Bank Transaction,الحركات البنكية,
Banking and Payments,البنوك و المدفوعات,
Barcode,الباركود,
Base Change Amount (Company Currency),مبلغ الباقي (بعملة الشركة),
Basic,الأساسي,
Basic Info,المعلومات الاساسية,
Batch,الباتش,
Batch Item Expiry Status,حالة إنتهاء باتش الصنف,
Batch No,رقم الباتش,
Batch No!,رقم الباتش,
Batch-Wise Balance History,أرشيف الرصيد وفقا للباتش,
Begin On (Days),يبدأ خلال (الأيام),
Bill of Materials,قائمة مكونات المواد,
Billed Amount,المبلغ المفوتر,
Billed Amt,المبلغ المفوتر,
"Billed, Received & Returned",المفوتر والمستلم والمرتجع,
Billing Address,عنوان الفوترة,
Billing Address Name,اسم عنوان الفوترة,
Billing Currency,عملة الفواتير,
Billing Hours,عدد الساعات المفوترة,
Blanket Order,اوامر البيع المبدئية,
Blanket Order Rate,سعر امر البيع المبدئي,
Block Supplier,حظر المورد,
Blog Subscriber,مشترك بالمدونة,
Book Advance Payments in Separate Party Account,تسجيل الدفعات المقدمة في حساب طرف منفصل,
Book Tax Loss on Early Payment Discount,سجل خسارة الضريبة على خصم السداد المبكر,
Brand,العلامة التجارية,
Brand Name,اسم العلامة التجارية,
Breakdown,مفصلة,
Budget,الموازنة,
Build,تصميم,
Buildings - ES,المباني ,
Business Development Manager,مدير تطوير الأعمال,
Buying,المشتريات,
Buying Settings,إعدادات المشتريات,
Bypass Credit Limit Check,تجاوز الحد الائتماني,
CEO,المدير التنفيذي,
CONTACT DETAILS,معلومات التواصل,
CRM,إدارة علاقات العملاء,
Cairo,القاهرة,
Calculate Based On,يتم الحساب بناءا على,
Calendar Event,أجندة الحدث,
Campaign,الحملة,
Campaign Naming By,تسمية الحملة ب,
Cancelled,ملغاة,
Capacity Planning For (Days),تخطيط القدرة الانتاجية (بالايام),
Capital Equipments - ES,معدات رأس المال ,
Capital Work In Progress Account,حساب رأس المال الجاري,
Cash,نقد,
Cash Entry,حركة نقدية,
Cash Flow Statement,بيان التدفقات النقدية,
Cash/Bank Account,حساب النقدية/البنك,
Casual Leave,أجازة عارضة,
Certificate,شهادة,
Change Amount,مبلغ الباقي,
Channel Partner,شريك القناة,
Chapter,الفرع,
Chapter Member,عضو الفرع,
Chart Of Accounts,شجرة الحسابات,
Chart of Accounts Importer,استيراد دليل الحسابات,
Check if Asset requires Preventive Maintenance or Calibration,اختر هذا الاختيار في حالة أن الأصل يتطلب الصيانة الوقائية أو المعايرة,
Check if it is a hydroponic unit,اختر هذا الإختيار إذا كانت وحدة مائية,
Check if material transfer entry is not required,اختر هذا الإختيار إذا كانت حركة نقل المواد غير مطلوبة,
Check in (group),المجموعة الأساسية,
Check this if you want to show in website,حدد علامة صح إذا كنت تريد إظهاره بالموقع الإلكتروني,
Check this to disallow fractions. (for Nos),حدد هذا الخيار لعدم السماح بالكسور مع الارقام,
Cheque,شيك,
Cheque/Reference Date,تاريخ الشيك/المرجع,
Cheque/Reference No,رقم الشيك/المرجع,
City,المدينة,
Clearance Date,تاريخ المقاصة,
Close Issue After Days,عدد الأيام التي يتم بعدها إغلاق التذكرة,
Close Opportunity After Days,عدد الأيام التي يتم بعدها إغلاق الفرص,
Closing Account Head,حساب الاغلاق الرئيسي,
Collect Progress,تجميع التقدم,
Commission,عمولة,
Commission Rate (%),نسبة العمولة (%),
Company,شركة,
Company Address Name,عنوان الشركة,
Company Contact Person,مسؤول التواصل بالشركة,
Company Tax ID,رقم التسجيل الضريبي,
Compensations,التعويضات,
Compensatory Off,أجازة تعويضية,
Completed Work Orders,أوامر الإنتاج المكتملة,
Completion Status,حالة الإنجاز,
Connections,روابط,
Consider Tax or Charge for,حساب الضريبة أو الرسم على,
Consider for Tax Withholding,يخضع للاستقطاع الضريبي,
Consumed Qty,الكمية المسنهلكة,
Contact,جهة الاتصال,
Contact Email,البريد الإلكتروني,
Contact Mobile No,رقم الجوال,
Contact Person,مسؤول التواصل,
Content,المحتوى,
Contra Entry,تحويل بين البنوك والنقدية,
Contract Template,نموذج العقد,
Convert Item Description to Clean HTML,تحويل وصف الصنف إلى Clean HTML,
Convert Item Description to Clean HTML in Transactions,تحويل وصف العنصر إلى HTML نظيف في المعاملات,
Converted,محول,
Cost Center,مركز التكلفة,
Cost Center Allocation,تخصيص مراكز التكلفة,
Cost Centers for Budgeting and Analysis,مراكز التكلفة للموازنة والتحليل,
Cost Of Scrapped Asset,تكلفة الأصول الخردة,
Cost of Delivered Items,تكلفة الأصناف التي تم تسليمها,
Cost of Issued Items,تكلفة الأصناف التي تم صرفها,
Cost of Purchased Items,تكلفة الأصناف التي تم شراؤها,
Coupon Code,كود الكوبون,
Coupon Code Based,معتمد على كود الكوبون,
Coupon Description,وصف الكوبون,
Coupon Name,اسم الكوبون,
Create,انشاء ,
Create Ledger Entries for Change Amount,انشاء قيد يومية لقيمة المبلغ المقرب ,
Create Payment Entry,إنشاء سند قبض,
Create Workspace,إنشاء مساحة عمل,
Create Your First Purchase Invoice ,أنشئ أول فاتورة مشتريات,
Created On,انشئ في,
Credit & Overdue Limits,حدود الائتمان والتأخير,
Credit (EGP),دائن,
Credit Card,بطاقة الائتمان,
Credit Card Entry,حركة بطاقة أئتمانية,
Credit Days,ايام الائتمان,
Credit Note,أشعار دائن,
Credit To,دائن إلى,
Credit in Company Currency,الدائن بعملة الشركة,
Criteria Formula,معادلة المعيار,
Criteria Name,اسم المعيار,
Criteria Weight,وزن المعيار,
Currency,العملة,
Currency Exchange,سعر الصرف,
"Currency Exchange_x000D_
",تحويل العملات,
Current BOM,قائمة مكونات المواد الحالية,
Current Status,الحالة الحالية,
Custodian,المسئول,
Custom Remark,ملاحظة مخصصة,
Customer,العميل,
Customer / Lead Address,عنوان (العميل / العميل المحتمل),
Customer Add,العنوان,
Customer ID,رقم العميل,
Customer Items,أصناف العميل,
Customer Ledger Summary,كشف حساب العملاء,
Customer Mob,رقم التليفون,
Customer Naming By,تسمية العميل ب,
Customer POS ID,معرف العميل في نقطة البيع,
Customer Provided,تشغيل للغير,
Customer Service - E,خدمة العملاء,
Customer's Purchase Order,رقم أمر شراء العميل,
Customer's Purchase Order Date,تاريخ أمر شراء العميل,
Customer's Purchase Order No,رقم امر توريد العميل,
Customers Without Any Sales Transactions,عملاء بدون أى حركة مبيعات,
Customization,التخصيص,
DEL DATE,تاريخ التسليم,
Daily Timesheet Summary,ملخص يومي للجداول الزمنية,
Date,التاريخ,
Date of Joining,تاريخ الإلتحاق بالعمل,
Dealer,تاجر,
Debit (EGP),مدين,
Debit Note,اشعار مدين,
Debit To,مدين إلى,
Debit in Company Currency,المدين بعملة الشركة,
Debtors - ES,المدينون,
Default Bank Account,حساب البنك الإفتراضي,
Default Buying Cost Center,مركز تكلفة المشتريات الإفتراضي,
Default Company Bank Account,حساب الشركة البنكي الإفتراضي,
Default Customer Group,مجموعة العملاء الإفتراضية,
Default Employee Advance Account,الحساب الافتراضي لدفعات الموظفين المقدمة,
Default Expense Account,حساب المصروفات الإفتراضي,
Default Finished Goods Warehouse,مخزن المنتج التام الإفتراضي,
Default Income Account,حساب الإيرادات الإفتراضي,
Default Item Group,مجموعة الصنف الإفتراضية,
Default Material Request Type,النوع الإفتراضي لطلب المواد,
Default Payment Terms Template,نموذج شروط السداد الإفتراضية,
Default Price List,قائمة الأسعار الإفتراضية,
Default Purchase Unit of Measure,وحدة القياس الافتراضية للشراء,
Default Sales Unit of Measure,وحدة القياس الافتراضية للبيع,
Default Source Warehouse,المخزن الافتراضي (المصدر),
Default Stock UOM,وحدة قياس المخزون الإفتراضية,
Default Supplier,المورد الإفتراضي,
Default Target Warehouse,المخزن الافتراضي (الوجهة),
Default Valuation Method,طريقة حساب التكلفة الإفتراضية,
Default Warehouse,المخزن الإفتراضي,
Default Work In Progress Warehouse,مخزن تحت التشغيل الإفتراضي,
Default warehouse for Sales Return,المخزن الافتراضي لمرتجع المبيعات,
Deferred Revenue Account,حساب الإيراد المؤجل,
Delayed Tasks Summary,ملخص المهام المؤجلة,
Delete Accounting and Stock Ledger Entries on deletion of Transaction,احذف قيد اليومية والحركة المخزنية عند حذف الفاتورة المرتبطة,
Delivered By Supplier,يُسلَّم من المورد مباشرة,
Delivered Items To Be Billed,الاصناف المسلمة التى لم تفوتر بعد,
Delivered Qty,الكمية المُسلمة,
Delivered by Supplier (Drop Ship),تم شحنها من قبل المورد الى العميل,
Delivery Note,إذن تسليم,
Delivery Note Item,صنف إشعار التسليم,
Delivery Note Required,إذن التسليم الزامي,
Delivery Note Trends,معدلات اذون التسليم لكل صنف,
Delivery Warehouse,مخزن التسليم,
Department,قسم,
Department Tree,شجرة القسم,
Depreciation Expense Account,حساب مصاريف الاستهلاك,
Description,الوصف,
Designation,وظيفة,
Designer,مصمم,
Difference (Dr - Cr),الفرق (مدين - دائن),
Difference Amount (Company Currency),مبلغ الفرق (عملة الشركة),
Disable Change Log Notification,تعطيل اشعارات سجل التغييرات,
Disable Document Sharing,منع مشاركة المستندات,
Disable Rounded Total,تعطيل التقريب الإجمالي,
Disable Serial No And Batch Selector,تعطيل اختيار رقم التسلسل ورقم الباتش,
Disable System Update Notification,تعطيل اشعارات تحديثات النظام,
Disable Username/Password Login,تعطيل تسجيل الدخول باسم المستخدم وكلمة المرور,
Disables creation of time logs against Work Orders. Operations shall not be tracked against Work Order,تعطيل إنشاء سجلات الوقت مقابل أوامر الإنتاج. لا يجوز تتبع العمليات مقابل أمر الإنتاج,
Discount (%) on Price List Rate with Margin,خصم (%) على سعر القائمة بالهامش,
Discount Account,حساب الخصم,
Discount Amount,مبلغ الخصم,
Discount Received Account,حساب الخصم المكتسب,
Dispatch - E,إيفاد,
Dispatch - ES,الإرساليات,
Dispatch Notification,إعلام إرسال,
Distributor,موزع معتمد,
Document Type,نوع المستند,
Documentation          ,شرح النظام,
Don't Create Loyalty Points,بدون نقاط ولاء,
Donation,تبرع,
Donations,التبرعات,
Donor,المتبرع,
Donor Name,اسم المتبرع,
Donor Type,نوع المتبرع,
Donors,المتبرعون,
Download Required Materials,تحميل المواد المطلوبة,
Draft,مؤقت,
Driver,السائق,
Drop Ship,الشحن المباشر,
Due Date,تاريخ الاستحقاق,
Duplicate Project with Tasks,تكرار المشروع بالمهمات,
Earnest Money - ES,كسب المال,
Edit,تعديل,
Edit Filters,تعديل الفرز,
Edit Posting Date and Time,تعديل تاريخ وتوقيت العملية,
Edit Tax Withholding Entries,تعديل قيود الاستقطاع الضريبي,
Edit in full page,التعديل في صفحة كاملة,
"Edit in full page for more options like assets, serial nos, batches etc.",يمكنك التعديل في الصفحة كاملة للحصول على المزيد من الخيارات مثل الأصول، الرقم التسلسلي، الباتش، الخ,
Effective From,تبدأ من,
Effective To,تنتهي في,
Effective from,سارية من,
Electronic Equipments - ES,المعدات الالكترونية,
Elements,عناصر,
Email Group,مجموعة البريد الإلكتروني,
Email IDs,البريد الإلكتروني,
Email Id,البريد الإلكتروني,
Email Template,نموذج البريد الإلكتروني,
Emergency Contact Name,اسم الشخص الذي يمكن الاتصال به في حالة الطوارئ,
Employee Benefit Application,طلب إعانة الموظف,
Employee Benefit Claim,مطالبة بإستحقاقات الموظف,
Employee Benefits,استحقاقات الموظفين,
Employee Checkin,تسجيل حضور الموظف ,
Employee Grievance,تظلمات الموظفين,
Employee Number,رقم الموظف,
Employee Onboarding,موظفون قيد التعيين,
Employee Onboarding Template, نموذج موظفون قيد التعيين,
Employee Other Income,دخل آخر للموظف,
Employee Separation Template,نموذج فصل الموظفين,
Employee Tax Exemption Declaration,اقرار اعفاء ضريبي للموظف,
Employee Tax Exemption Proof Submission,تقديم إثبات إعفاء ضريبي الموظف,
Employee Tax Exemption Sub Category,فئة مصنفة من الإعفاء الضريبي,
Employee loans - ES,قروض الموظفين,
Employees Working on a Holiday,موظفون يعملون في يوم العطلة,
Employees working on a holiday,موظفون يعملون في يوم العطلة,
Enable Capital Work in Progress Accounting,تمكين رأس المال الجاري في الحسابات,
Enable Common Party Accounting,تمكين كشف حساب موحد في حالة كان المورد عميل والعكس,
Enable Custom Cash Flow Format,تفعيل تنسيق التدفقات النقديه المخصص,
Enable Deferred Revenue,تفعيل الإيراد المؤجل,
Enabling ensure each Purchase Invoice has a unique value in Supplier Invoice No. field,التأكد من عدم تكرار رقم فاتورة المورد في فواتير الشراء,
Enabling this will allow creation of multi-currency invoices against single party account in company currency,سيسمح تمكين هذا الخيار بإصدار فواتير متعددة العملات مقابل حساب طرف واحد بعملة الشركة,
Encashment,المدفوعات النقدية,
Encrypt Backups,تشفير النسخ الاحتياطي,
Encshment,المدفوعات النقدية,
End Date,تاريخ الإنتهاء,
End of Life,تاريخ الإنتهاء,
Ends On,ينتهي بتاريخ,
Energy Point Log,سجل نقاط تقييم الاداء,
Energy Point Rule,قواعد نقاط تقييم الاداء,
Engineer,مهندس,
Enough Parts to Build,الأجزاء الكافية للبناء,
Ensure Delivery Based on Produced Serial No,ضمان التسليم بناء على الرقم التسلسلي المنتج,
Enter url parameter for message,ادخل رابط المعامل للرسالة,
Enter url parameter for receiver nos,ادخل رابط المعامل للمستلم,
Entry Type,نوع القيد,
Equal Payments ,مدفوعات متساوية,
Error Description,وصف الخطأ,
Establishment - ES,مؤسسة -,
Exception Budget Approver Role,المسئول عن الموافقة عن الموازنة الاستثنائية,
Exchange Gain/Loss,أرباح/خسائر فروق العملة,
Exchange Rate,سعر الصرف,
Excise Entry,قيود تسويات الضرائب والجمارك,
Expand All,توسيع الكل,
Expected Delivery Date,الوقت المتوقع للتسليم,
Expected End Date,التاريخ المتوقع للإنتهاء,
Expected Start Date,التاريخ المتوقع للبدء,
Expected Value After Useful Life,القيمة المتوقعة بعد الإستخدام,
Expense Account,حساب المصروفات,
Expense Claim,مطالبة مصروفات,
Expense Claims,تسوية العُهد,
Expenses,المصروفات,
Failure Date,تاريخ التلف,
Feedback,ملاحظات,
Female,أنثى,
Field Name,اسم الخانة,
Fields,الخانات,
Fields will be copied over only at time of creation.,سيتم نسخ الخانات فقط عند انشاء الاصناف,
Filter,تصنيف,
Filter By,فرز بواسطة,
Finance Book,الدفتر المالي,
Financial Statements,القوائم المالية,
Finished Good,المنتج التام,
Finished Good Qty,كمية المنتج التام,
Finished Goods,المنتج التام,
First Day of the Week,أول أيام الأسبوع,
First Name,الأسم الأول,
First Responded On,تاريخ أول استجابة,
For All Stock Asset Accounts,لكل حسابات أصول المخزون,
For Price List,لقائمة الأسعار,
For Warehouse,لمخزن,
Forgot password?,هل نسيت كلمة السر؟,
Freeze Stocks Older Than [Days],تجميد إدخالات المخزون الأقدم من (أيام),
Frequency of Depreciation (Months),تكرار الإهلاك (الشهور),
From BOM,من قائمة مكونات المواد,
From Template,من نموذج,
From Warehouse,من مخزن,
Fulfilled,تم التحقيق,
Fulfilment Deadline,الموعد النهائي للتحقيق,
Fulfilment Terms,شروط التحقيق,
Full Name,الاسم بالكامل,
Full-time,عمل كامل ,
Fully Completed,أنجزت بالكامل,
Furnitures and Fixtures - ES,اثاث و تركيبات,
Gain/Loss Account on Asset Disposal,حساب الربح / الخسارة الخاص بالتصرف فى الاصل,
Genderqueer,جنس,
Get Advances Paid,الحصول على الدفعات المقدمة,
Get Advances Received,الحصول على الدفعات المقدمة المستلمة,
Get Balance,جلب الرصيد,
Get Items From,الحصول على الأصناف من,
Get Items From Purchase Receipts,الحصول على الأصناف من أذون إستلام مشتريات,
Get Latest Query,Get Latest Query,
Get Outstanding Invoices,جلب الفواتير المستحقة,
Get Outstanding Orders,جلب الأوامر المستحقة,
Get Started Sections,الحصول على أقسام البدء,
Get current stock,الحصول على رصيد المخزون الحالي,
Gift Card,كارت هدية,
Graduate,متخرج,
Grand Total,الإجمالي النهائي,
Grand Total (Company Currency,الإجمالي النهائي (بعملة الشركة,
Grand Total (Company Currency),الإجمالي النهائي (بعملة الشركة),
Grant,منحة,
Grant Application,طلب منحة,
Grant Commission,منح عمولة,
Grievance Type,نوع التظلم,
Gross Margin,إجمالي هامش الربح,
Gross Margin %,نسبة هامش الربح,
Gross Profit,"إجمالي الأرباح_x000D_
",
Group By,تجميع ب,
Group same items,تجميع الأصناف المتشابهة,
HR,الموارد البشرية,
HR Manager,مدير الموارد البشرية,
HR Setup,إعداد الموارد البشرية,
Half-Yearly,نصف سنوي,
Has Batch No,له رقم باتش,
Has Certificate,يوجد شهادة,
Has Serial No,له رقم تسلسلي,
Has Variants,له متغيرات,
Have Default Naming Series for Batch ID?,تسمية افتراضية لرقم البتاتش؟,
Head of Marketing and Sales,رئيس التسويق والمبيعات,
Health Insurance Provider,شركة التأمين الصحي,
Hide Customer's Tax Id from Sales Transactions,إخفاء السجل الضريبي للعميل من معاملات المبيعات,
Hold Invoice,تعليق الفاتورة,
Hold Type,نوع الحظر,
Hour Rate,سعر الساعة,
Hour Rate (EGP),سعر الساعة (EGP),
Hub Warehouse,مخزن المركز الرئيسي,
Human Resources - E,الموارد البشرية,
ID,الاسم التعريفي,
INSURANCE DETAILS,تفاصيل التأمين,
Identification of the package for the delivery (for print),اظهار حزمة المنتجات المطلوب تسليمها في الطباعه,
"If blank, parent Warehouse Account or company default will be considered",إذا كانت فارغة، فسيتم إعتبار حساب المخزن الرئيسي للشركة هو الإفتراضي,
"If enabled, ledger entries will be posted for change amount in POS transactions",في حالة التمكين ، سيتم ترحيل إدخالات دفتر الأستاذ المبلغ المقرب في حركات نقاط البيع,
"If enabled, system will create the work order for the exploded items against which BOM is available.",إذا تم تمكين هذا الإختيار، سيقوم النظام بإنشاء أوامر إنتاج للأصناف المستخدمة في قائمة مكومات المواد,
"If mentioned, the system will allow only the users with this Role to create or modify any stock transaction earlier than the latest stock transaction for a specific item and warehouse. If set as blank, it allows all users to create/edit back-dated transactions.",إذا تم ذكر ذلك ، فسيسمح النظام فقط للمستخدمين الذين لديهم هذه الدور بإنشاء أو تعديل أي معاملة مخزون قبل آخر معاملة مخزون لعنصر ومستودع معين. إذا تم تعيينه على أنه فارغ ، فإنه يسمح لجميع المستخدمين بإنشاء / تحرير المعاملات القديمة.,
If subcontracted to a vendor,إذا تم تشغيلها لدى الغير,
"If this item has variants, then it cannot be selected in sales orders etc.",اذا كان الصنف رئيسي وله متغيرات فلا يمكن استخدامه في المعاملات ويجب استخدام احد متغيراته,
Ignore Pricing Rule,تجاهل شروط التسعير,
Ignore Tax Withholding Threshold,تجاهل حد الاستقطاع الضريبي,
Implementation  - ES,التنفيذ,
Implementation Partner,شريك التنفيذ,
Import,استيراد,
In Advance,مقدما,
In Process,تحت المعالجة,
In Stock Qty,الكمية المتاحة في المخزن,
In Words,المبلغ كتابةً,
In Words (Company Currency),المبلغ كتابةً (عملة الشركة),
Inactive Customers,عملاء غير نشيطين,
Incentives,حوافز,
Include Exploded Items,تضمين جميع مستويات قائمة المواد ,
Include Item In Manufacturing,الصنف يتم تصنيعه,
Include Non Stock Items,تضمن الأصناف الغير مخزنية,
Include Payment (POS),مسدد,
Include Subcontracted Items,تضمن أصناف التشغيل لدى الغير,
Income Account,حساب الإيرادات,
Income Tax,ضريبة الدخل ,
Income Tax Slab,شريحة ضريبة الدخل,
Incoming,وارد,
Incoming Rate,السعر الوارد,
Incorrect Data Report,تقرير البيانات الغير صحيحة,
Incorrect Serial No Valuation,الرقم التسلسلي الغير صحيح,
Incoterm,شرط التسليم الدولي (Incoterm),
Industry,الصناعة,
Initial Email Notification Sent,تم إرسال إشعار مبدئي على البريد الإلكتروني,
Inspected By,تم الفحص بواسطة,
Inspection Required,فحص الجودة مطلوب,
Inspection Required before Delivery,الفحص مطلوب قبل التسليم,
Inspection Required before Purchase,الفحص مطلوب قبل الشراء,
Inspection Type,نوع الفحص,
Installation Date,تاريخ التركيب,
Installation Note,إذن تركيب,
Installation Time,وقت التركيب,
Installed Qty,الكمية التي تم تركيبها,
Insurance,تأمين,
Insured value,مبلغ التأمين,
Integrations Settings,اعدادات التكامل,
Inter Company Invoice Reference,مرجع الفاتورة بين الشركات,
Inter Company Journal Entry,قيد خاص بشركات شقيقة,
Inter Company Journal Entry Reference,مرجع قيد اليومية بين الشركات,
Inter Company Order Reference,رقم طلب الشركة الداخلي,
Inter Company Reference,مرجع بين الشركات,
Intern,متدرب,
Internal Customer Accounting,محاسبة العميل الداخلي,
Internal Supplier Details,بيانات المورد الداخلي,
Internal Transfer,تحويلات داخلية,
Invoice Portion,النسبة المئوية من مبلغ الفاتورة,
Invoiced Amount (Exclusive Tax),المبلغ المفوتر (غير شامل الضريبة),
Invoicing,الفوترة,
Inward, للتحصيل,
Is Advance,دفعة مقدمة؟,
Is Cash or Non Trade Discount,خصم نقدي/غير تجاري,
Is Cumulative,تراكمي,
Is Discounted,مخصومة,
Is Fixed Asset,الصنف من الأصول الثابتة,
Is Free Item,الصنف مجاني,
Is Frozen,مجمد,
Is Internal Customer,عميل داخلي,
Is Opening Entry,هل هو قيد إفتتاحي؟,
Is Paid,مسددة,
Is Primary,هو الأساسي,
Is Primary Address,هو العنوان الأساسي,
Is Primary Contact,جهة اتصال رئيسية,
Is Purchase Item,الصنف قابل للشراء,
Is Rate Adjustment Entry (Debit Note),قيد تسوية سعر (إشعار مدين),
Is Return (Credit Note),مرتجع (إشعار دائن),
Is Return (Debit Note),مرتجع (بيان بالخصم),
Is Sales Item,الصنف قابل للبيع,
Is Subcontracted,هل هو تشغيل لدى الغير؟,
Is created using POS,أنشئت من نقطة البيع,
Issue,صرف,
Issue Credit Note,إصدار إشعار دائن,
Issue Date,تاريخ الانشاء,
Issue Priority,أولوية التذكرة,
Issue Type,نوع التذكرة,
Issue a debit note with 0 qty against an existing Sales Invoice,أصدر إشعار مدين بكمية 0 مقابل فاتورة مبيعات موجودة,
Issued Items Against Work Order,أصناف مصروفة على أوامر الإنتاج,
Issues,التذاكر,
Item,الصنف,
Item 1,الصنف 1,
Item 2,الصنف 2,
Item 3,الصنف 3,
Item 4,الصنف 4,
Item 5,الصنف 5,
Item Alternative,بديل الصنف,
Item Attribute,مواصفات الصنف,
Item Code,كود الصنف,
Item Group Defaults,إفتراضيات مجموعة الصنف,
Item Group Name,اسم مجموعة الصنف,
Item Group Tree,شجرة مجموعة الصنف,
Item Manufacturer,مُصنع الصنف,
Item Name,اسم الصنف,
Item Naming By,تسمية الصنف بواسطة,
Item Quality Inspection Parameter,معامل فحص جودة الصنف,
Item Tax Template,نموذج ضريبة الصنف,
Item To Manufacture,الصنف المراد تصنيعه,
Item Variant Details,تفاصيل متغيرات الصنف,
Item Variant Settings,إعدادات متغيرات الصنف,
Item Wise Tax Details,تفاصيل الضريبة لكل صنف,
Items,الأصناف,
Items & Pricing,الأصناف والتسعير,
Items To Be Requested,أصناف المراد طلبها,
Items and Pricing,الأصناف والتسعير,
Items to Order and Receive,العناصر المطلوبة للطلب والاستلام,
Items under this warehouse will be suggested,سيتم إقتراح الأصناف الموجودة في هذا المخزن,
Itemwise Recommended Reorder Level,حد الطلب وفقا لحركات كل صنف,
Job Description,المسمى الوظيفي,
Journal Entry,قيد اليومية,
KSA Compliance,الامتثال السعودي,
KSA VAT Report,تقرير ضريبة القيمة المضافة السعودية,
KSA VAT Setting,اعدادات ضديبة القيمة المضافه السعودية,
Label,الملصق,
Landed Cost Voucher,تكاليف الشحنة الاستيرادية,
Landed Cost Voucher Amount,قيمة تكلفة الشحنة الاستيرادية,
Last Modified On,أخر تعديل,
Last Name,اسم العائلة,
Last Purchase Rate,أخر سعر شراء,
Last Scanned Warehouse,آخر مخزن ممسوح,
Lead,العميل المحتمل,
Lead Count,عدد العميل المحتمل,
Lead Details,تفاصيل العميل المحتمل,
Lead Id,رقم العميل المحتمل,
Lead Name,اسم العميل المحتمل,
Lead Owner,منشىء العميل المحتمل,
Lead Owner Efficiency,كفاءة منشىء العميل المحتمل,
Lead Source,مصدر العميل المحتمل,
Lead Time in days,مدة التوريد بالأيام,
Lead Type,نوع العميل المحتمل,
Lead is an Organization,العميل المحتمل منظمة,
Leaderboard,لوحة الشرف,
Learn how to update opening balances,تعرّف على كيفية تحديث الأرصدة الافتتاحية,
Learn more about Chart of Accounts,اعرف المزيد عن شجرة الحسابات,
Leave Approval Notification,إخطار الموافقة على الأجازة,
Leave Block List,الأيام المحظور الغياب فيها,
Leave Encashment,أجازات مدفوعة الأجر,
Leave Period,مدة الأجازة ,
Leave Policy Assignment,سياسة تحديد الأجازات,
Leave Status Notification,إخطار مغادرة ,
Leave Without Pay,أجازة بدون أجر,
Leaves,أجازات ,
Leaves per Year,أجازات خلال السنة,
Lenses Size Check,مقاس العدسات,
Let's Set Up Your Accounts and Taxes.,لنُعِدَّ حساباتك وضرائبك.,
Let's setup your account.,لنجهّز حسابك.,
Letter Head,Letter Head,
Let’s create your first Purchase Invoice,لنُنشئ أول فاتورة مشتريات لك,
Link Document Type,نوع المستند المربوط به,
Link Name,الربط مع,
Link Title,اسم الربط,
Link to Material Requests,الربط بطلبات المواد,
List View,شكل العرض,
List items that form the package.,حدد الأصناف التي تتكون منها الحزمة.,
Load More,اظهر المزيد,
Loan Interest Report,تقرير فائدة القرض,
Loan Security Exposure,التعرض لأمن القرض,
Lock,قفل,
Login with password,الدخول بكلمة السر,
Lost Quotation,عرض السعر مفقود,
Lost Reasons,أسباب الخسارة,
Lower Income,دخل أقل,
Loyalty Points Redemption,استبدال نقاط الولاء ,
Maintain Same Rate Throughout Sales Cycle,الحفاظ على نفس السعر خلال دورة المبيعات,
Maintain Stock,صنف مخزني,
Maintenance Required,الصيانة مطلوبة,
Maintenance Role,دور الصيانة,
Maintenance Schedule,جدول الصيانة,
Maintenance Visit,زيارة الصيانة,
Make,إنشاء,
Make Difference Entry,اضافة سطر بالفرق,
Make Work Order for Sub Assembly Items,إصدار أوامر إنتاج للأصناف النصف مصنعة,
Male,ذكر,
Manage cost of operations,إدارة تكاليف عمليات الانتاج,
Management - E,الإدارة,
Manager,مدير,
Manufacturer,المُصنع,
Manufacturing,التصنيع,
Margin Rate or Amount,نسبة أو مبلغ الهامش,
Market Segment,قطاع السوق,
Marketing - E,تسويق,
Masters,البيانات الأساسية,
Material Issue,صرف مواد,
Material Request Plan Item,خطة طلب المواد,
Material Transferred for Manufacture,المواد المحولة للتصنيع,
Material Transferred for Subcontract,المواد المحولة للتشغيل لدى الغير,
Max Amount,الحد الأقصى للمبلغ,
Max Amt,الحد الأقصى للمبلغ,
Max Grade,الدرجة القصوى,
Max Qty,الحد الأقصى للكمية,
Max auto email report per user,الحد الأقصى للبريد الإلكتروني التلقائي لكل مستخدم,
Maximum Use,الحد الأقصى للاستخدام,
Medium,الوسيلة,
Meeting,إجتماع,
Member,العضو,
Members,الأعضاء,
Membership,العضوية,
Membership Expiry Date,تاريخ انتهاء العضوية,
Membership Type,نوع العضوية,
Mention if non-standard receivable account,اذكر حسابات المدينون إذا كانت غير افتراضية,
Merge Similar Account Heads,دمج الحسابات المتشابهه الرؤوس,
Message for Supplier,الرسالة المرسلة إلى المورد,
Middle Income,دخل متوسط,
Min Amt,الحد الأدنى للمبلغ,
Min Grade,الدرجة الأدنى,
Min Qty,الحد الأدني للكمية,
Minimum Lead Age (Days),الحد الأدنى لعمر العميل المحتمل (الأيام),
Minimum quantity should be as per Stock UOM,الحد الأدني للكمية يجب أن تكون على حسب وحدة قياس المخزون,
Mins to First Response,الوقت المستغرق للإستجابة (الدقائق),
Mins to first response,الوقت المستغرق للإستجابة (الدقائق),
Minutes to First Response for Issues,الوقت المستغرق للاستجابة على التذاكر,
Minutes to First Response for Opportunity,الوقت المستغرق للاستجابة على الفرصة,
Mixed Conditions,شروط مختلطة,
Mobile Allowns,بدل المحمول,
Mobile No,رقم الموبايل,
Mode of Payment,طريقة السداد,
Monday,الأثنين,
Monitoring Frequency,تكرار المراقبة,
Monthly,شهري,
Most Used,الاكثر استخدام,
Motion Picture & Video,فيديو وصور متحركة,
Move,نقل,
Multi Currency,العملات,
"Multi Currency_x000D_
","عملات متعددة_x000D_
",
Music,موسيقى,
Name,الاسم,
Named Place,المكان المحدد,
Naming Series,الترقيم التسلسلي,
Net Amount,صافي المبلغ,
Net Amount (Company Currency),صافي المبلغ (بعملة الشركة),
Net Rate,صافي سعر الوحدة,
Net Rate (Company Currency),صافي سعر الوحدة (بعملة الشركة),
Net Total,صافي الإجمالي,
Net Total (Company Currency),صافي الإجمالي (بعملة الشركة),
New,جديد,
New Asset Value,القيمة الجديدة للأصل,
New BOM,قائمة مكونات المواد الجديدة,
New Chart,شكل بياني جديد,
New Company,شركة جديدة,
New Customer Revenue,إيرادات العملاء الجدد,
New Quality Procedure,إجراء جودة جديد,
New Sales Person Name,اسم مسئول المبيعات,
New Shortcut,اختصار جديد,
New Stock Entry,حركة مخزون جديدة,
Newspaper Publishers,ناشرو الصحف,
Next Contact By,الاتصال التالي بواسطة,
Next Contact Date,تاريخ الاتصال التالي,
No Matching Bank Transactions Found,لم يتم العثور على معاملات بنكية متطابقة,
No data available,لا توجد بيانات,
No of Visits,عدد الزيارات,
Non Profit,العمل الخيري,
Non Profit Settings,إعدادات العمل الخيري,
Non-Conforming,غير مطابق,
Normal,عادية,
Notice Period,فترة إشعار,
Number of Order,عدد الطلبات,
Objective,الهدف,
Office Equipments - ES,المعدات المكتبية,
Online Auctions,مزادات على الإنترنت,
Only Include Allocated Payments,إدراج المدفوعات المخصصة فقط,
Open,مفتوح,
Open Work Orders,أوامر الإنتاج المفتوحة,
Opening & Closing,الفتح والاغلاق لنقاط البيع,
Opening Entry,القيد الافتتاحي,
Opening Invoice Creation Tool,أنشاء الفواتير الافتتاحية,
Opening Stock,رصيد المخزون في أول المدة,
Opening Time,وقت الفتح,
Opening and Closing,الافتتاحي والإغلاق,
Operation,العمليات الانتاجية,
Operation Name,اسم عملية التشغيل,
Operation Time,وفت التشغيل,
Operations - E,العمليات ,
Opp Count,عدد الفرصة,
Opp/Lead %,الفرصة/العميل المحتمل %,
Opportunity Summary by Sales Stage,ملخص الفرصه حسب مرحلة المبيعات,
Orange,برتقالي,
Order/Quot %,طلب/عرض سعر %,
Ordered Items To Be Billed,الاصناف المباعه التي لم تفوتر بعد,
Ordered Items To Be Delivered,طلبات مبيعات لم تسلم بعد,
Ordered Qty,الكمية المطلوبة,
Ordered Quantity,الكمية المطلوبة,
Other,أخرى,
Out of AMC,خارج عقد الصيانة السنوي,
Out of Warranty,خارج الضمان,
Outgoing,منصرف,
Outstanding,المستحق,
Outstanding Amount,المبلغ المتبقي,
Outward,للدفع,
Over Delivery/Receipt Allowance (%),نسبة السماح بالتسليم أو الاستلام بالزيادة (%),
Over Transfer Allowance,الحد الزائد المسموح للتحويل,
Over Transfer Allowance (%),نسبة السماح بالتحويل بالزيادة (%),
Overdue,متأخر,
Overproduction Percentage For Work Order,نسبة الإنتاج الزائد لأمر الإنتاج,
PAN,رقم الحساب الدائم,
PAY,دفع - PAY,
PHONE,رقم الموبايل,
PIN,الكود,
POS Awesome,فتح نقطة البيع - الكاشير,
POS Closing Entry,قيد إقفال نقطة البيع,
POS Closing Shift,اغلاق وردية نقاط البيع,
POS Coupons,كوبونات نقاط البيع,
POS Offers,عروض نقاط البيع,
POS Opening Shift,فتح وردية نقاط البيع,
POS Profile,ملف نقطة البيع,
POS Setting,اعدادات نقاط البيع,
Packed Items,أصناف الحزمة,
Page Break,فاصل صفحة,
Paid,مسددة,
Paid Amount,المبلغ المسدد,
Paid Amount (Company Currency),المبلغ المسدد (بعملة الشركة),
Parameter,المعامل,
Parameter Name,اسم المعامل,
Parent Item,الصنف الرئيسي,
Parent Item Group,مجموعة الصنف الرئيسية,
Parent Location,الموقع الرئيسي,
Parent Supplier Group,مجموعة الموردين الرئيسية,
Parent Warehouse,المخزن الرئيسي,
Part-time,عمل جزئي,
Partially Depreciated,إهلاك جزئي,
Partly Paid,مسددة جزئيًا,
Partner website,الموقع الإلكتروني للشريك,
Party,الطرف المعني,
Party Balance,رصيد الطرف المعني,
Party Bank Account,الحساب البنكي للطرف المعني,
Party Name,اسم الطرف المعني,
Party Type,نوع الطرف المعني,
Party User,مستخدم الطرف المعني,
Patient,مريض,
Pay,دفع,
Pay To / Recd From,مدفوع إلى / مستلم من,
Payment Amount,المبلغ المسدد,
Payment Due Date,تاريخ الاستحقاق,
Payment Entry,المدفوعات والمقبوضات,
Payment Gateway Account,حساب بوابة السداد الإلكتروني,
Payment ID,مرجع عملية الدفع,
Payment Reconciliations,تسويات الدفع,
Payment References,مراجع الدفع,
Payment Request,طلب دفع,
Payment Schedule,جدول السداد,
Payment Term,شروط السداد,
Payment Term Name,اسم شرط السداد,
Payment Term Outstanding,المستحق من شرط السداد,
Payment Terms Template,نموذج شروط السداد,
Payment Terms from orders will be fetched into the invoices as is,سيتم جلب شروط الدفع للفواتير من الطلبات كما هي,
Payment Type,نوع السداد,
Payroll,كشف الرواتب و الأجور,
Payroll Entry,تسجيل الرواتب ,
Pending Qty,الكميات المعلقة,
Pending SO Items For Purchase Request,أوامر مبيعات معلقة لحين الشراء,
Pension Funds,صناديق التقاعد,
Per Week,أسبوعيا,
Per-Company Accounts,حسابات لكل شركة,
Percentage you are allowed to receive or deliver more against the quantity ordered. For example: If you have ordered 100 units. and your Allowance is 10% then you are allowed to receive 110 units.,النسبة المئوية للسماح بإستلام أو تسليم بأكثر من الكمية المطلوبة. مثال: إذا كنت قد طلبت 100 وحدة ونسبة السماح هى 10% فأنت مسموح لك بإستلام 110 وحدة.,
Percentage you are allowed to transfer more against the quantity ordered. For example: If you have ordered 100 units. and your Allowance is 10% then you are allowed to transfer 110 units.,النسبة المئوية للسماح بتحويل بأكثر من الكمية المطلوبة. مثال: إذا كنت قد طلبت 100 وحدة ونسبة السماح هى 10% فأنت مسموح لك بتحويل 110 وحدة.,
Performance,الأداء,
Period,فترة,
Period Closing Settings,اعدادات اقفالات الفترة,
Period Closing Voucher,اغلاق السنوات المالية,
Permission Manager,مدير الصلاحيات,
Pharmaceuticals,أدوية,
Phone Number,رقم الهاتف,
Picked Qty (in Stock UOM),الكمية المجهزة (بوحدة قياس المخزون),
Piecework,العمل بالمقاولة,
Pincode,الرقم البريدي,
Plan material for sub-assemblies,تخطيط المواد للأصناف النصف مصنعة,
Plan time logs outside Workstation Working Hours.,تخطيط سجلات الوقت خارج ساعات العمل بمحطة العمل,
Planned Qty,الكمية المخططة,
Planned Start Date,الوقت المخطط للبدء,
Plants and Machineries - ES,النباتات والآليات ,
Please check your email.,تحقّق من بريدك.,
Please enter Employee Id of this sales person,برجاء إدخال رقم هوية الموظف لمسئول المبيعات,
"Please enter your email, we'll send you password reset link",أدخِل بريدك وسنُرسل لك رابط إعادة تعيين كلمة السر,
"Please share what did you do today. If you reply by midnight, your response will be recorded!",يرجى مشاركة ما فعلت اليوم. إذا قمت بالرد بحلول منتصف الليل ، فسيتم تسجيل ردك!,
Po number,رقم أمر الشراء,
Policy number,رقم وثيقة التأمين,
Post Description Key,Post Description Key,
Post Graduate,دراسات عليا ,
Post Route Key,Post Route Key,
Post Route String,Post Route String,
Post Title Key,Post Title Key,
Posting Date,تاريخ العملية,
Posting Time,توقيت العملية,
Prefer not to say,افضل عدم القول,
Preferred Shipping Address,عنوان الشحن المفضل,
Prevent RFQs,منع طلبات الحصول على عرض أسعار,
Price List Currency,عملة قائمة الأسعار,
Price List Exchange Rate,سعر الصرف لقائمة الأسعار,
Price List Name,اسم قائمة الأسعار,
Price List Rate,سعر قائمة الأسعار,
Price List Rate (Company Currency),سعر القائمة (بعملة الشركة),
Price Not UOM Dependent,السعر غير معتمد على وحدة القياس,
Pricing Rule,شروط التسعير,
Pricing Rule Brand,شروط تسعير العلامة التجارية,
Pricing Rule Item Code,شروط تسعير الأصناف,
Pricing Rule Item Group,شروط تسعير مجموعة الأصناف,
Primary Address Preview,معاينة العنوان الرئيسي,
Print,طباعة,
Print Heading,عنوان الطباعة,
Priority,الأولوية,
Private Equity,ملكية خاصة,
Privilege Leave,أجازة مميزة,
Probability (%),الإحتمالية (%),
Probation,فترة التجربة,
Probationary Period,فترة الاختبار,
Procurement Tracker,تتبع المشتريات,
Produced,تم إنتاج,
Product Bundle,حزمة المنتجات,
Production - E,الإنتاج ,
Production - ES,الإنتاج,
Production Analytics,تحليلات الإنتاج,
Production Item,صنف الإنتاج,
Profit and Loss Statement,قائمة الارباح والخسائر,
Project,المشروع,
Project Id,المشروع,
Project Manager,مدير المشروع,
Project Profitability,ربحية المشاريع,
Project Template,نموذج المشروع,
Project Timesheet Details,تفاصيل الجداول الزمنية للمشروع,
Project will be accessible on the website to these users,المشروع سيكون متاح على الموقع الإلكتروني لهولاء المستخدمين,
Project wise Stock Tracking,تتبع المخزون وفقا للمشروع,
Projected Quantity as Source,الكمية المتوقعة,
Projects,المشروعات,
Promotional Scheme,عرض ترويجي,
Promotional Scheme Price Discount,خصم السعر الخاص بالعرض الترويجي,
Promotional Scheme Product Discount,خصم المنتج الخاص بالعرض الترويجي,
Prospect,عميل مرتقب,
Prospects Engaged But Not Converted,عملاء متوقعة غير محولة,
Publish in Hub,النشر في المركز الرئيسي,
Published,تم النشر,
Publishing,طباعة ونشر,
Purchase - E,الشراء,
Purchase Invoice,فاتورة مشتريات,
Purchase Invoice Trends,مؤشرات فواتير المشتريات,
Purchase Order,أمر مشتريات,
Purchase Order Items To Be Billed,الاصناف المشتراة التي لم تفوتر بعد,
Purchase Order Items To Be Received,طلبات شراء لم تستلم بعد,
Purchase Order Trends,معدلات أوامر الشراء لكل صنف,
Purchase Receipt,إذن إستلام مشتريات,
Purchase Receipt Items,أصناف إستلام مشتريات,
Purchase Receipt Trends,معدلات استلام المشتريات لكل صنف,
Purchase Register,سجل المشتريات,
Purchase Taxes and Charges,الضرائب والرسوم على المشتريات,
Purchase Taxes and Charges Template,نموذج الضرائب والرسوم على المشتريات,
Purple,أرجواني,
Purpose,الغرض,
Qty (Warehouse),الكمية بالمخزن,
Qty To Manufacture,الكمية المراد تصنيعها,
Qty as per Stock UOM,الكمية وفقا لوحدة قياس المخزون,
Qty in Stock UOM,الكمية بوحدة قياس المخزون,
Qty per BOM Line,الكمية لكل قائمة مكونات مواد,
Quality,الجودة,
Quality Action,عمل الجودة,
Quality Feedback,ملاحظات الجودة,
Quality Feedback Template,نموذج ملاحظات الجودة,
Quality Inspection Required,فحص الجودة مطلوب,
Quality Inspection Template,نموذج فحص الجودة,
Quality Inspection Template Name,اسم نموذج فحص الجودة,
Quality Management,الجودة,
Quality Management - E,إدارة الجودة ,
Quality Procedure,إجراء الجودة,
Quality Review,مراجعة الجودة,
Quantity,الكمية,
Quantity Difference,فرق الكمية,
Quantity and Rate,الكمية والسعر,
Quantity of item obtained after manufacturing / repacking from given quantities of raw materials,كمية الصنف التي تم الحصول عليها بعد التصنيع أو إعادة التعبئة من الكميات المعطاة من مواد الخام,
Quantity to Produce,الكمية المراد إنتاجها,
Quarterly,ربع سنوي,
Quick Access,الاختصارات,
Quick Entry,قيد يومية سريع,
Quick Stock Balance,رصيد المخزون المختصر,
Quot/Lead %,عرض سعر/العميل المحتمل %,
Quotation,عرض السعر,
Quotation To,عرض أسعار مقدم إلى,
Quotation Trends,معدلات عروض الأسعار لكل صنف,
REPLACE BOM,إستبدال قائمة مكونات المواد,
Raise Material Request when stock reaches re-order level,إنشاء طلب المواد بشكل تلقائي عند الوصول الى الحد الادنى للمخزون,
Raised By,تم رفعها بواسطة,
Raised By (Email),تم رفعها بواسطة (البريد الإلكتروني),
Random,عشوائي,
Rate,السعر,
Rate (Company Currency),سعر الوحدة (بعملة الشركة),
Rate Of Materials Based On,حساب تكلفة المواد بناء على,
Rate With Margin,السعر بالهامش,
Rate With Margin (Company Currency),السعر بالهامش (بعملة الشركة),
Rate of Stock UOM,سعر وحدة قياس المخزون,
Rate or Discount,السعر أو الخصم,
Raw Materials Supplied,هل سيتم صرف الخامات للتشغيل لدى الغير؟,
Razorpay Details,تفاصيل بوابة الدفع,
Re-order Level,حد الطلب,
Re-order Qty,كمية حد الطلب,
Reading 2,قراءة 2,
Real Estate,عقارات,
Reason For Putting On Hold,سبب تعليق الفاتورة,
Rebuild Tree,إعادة تحميل شجرة الحسابات,
Receipt,إستلام,
Receipt Document Type,نوع الوثيقة,
Receive,استلام,
Received Amount,المبلغ المستلم,
Received Amount (Company Currency),المبلغ المستلم (عملة الشركة),
Received Items To Be Billed,الاصناف المستلمة التى لم تفوتر بعد,
Received Qty,الكمية المستلمة,
Receiver Parameter,معامل المستلم,
Recipient,المستلم,
Reconcile Effect On,تأثير التسوية على,
Recruitment,التوظيف,
Reference Date,تاريخ المرجع,
Reference Document,المستند المرجعي,
Reference Document Name,اسم المستند المرجعي,
Reference Document Type,نوع المستند المرجعي,
Reference Name,اسم المرجع,
Reference Number,الرقم المرجعي,
Reference Type,نوع المرجع,
Referral Code,الكود المرجعي,
Referral Sales Partner,شريك المبيعات المسئول,
Refresh,تحديث,
Refreshing,تحديث,
Refreshing...,تحديث...,
Rejected Serial No,الرقم التسلسلي المرفوض,
Rejected Warehouse,مخزن الأصناف المرفوضة,
Release Date,تاريخ انتهاء تعليق الفاتورة,
Remark,ملاحظة,
Rename Attribute Value in Item Attribute.,إعادة تسمية قيمة المواصفة في مواصفة الصنف.,
Reorder level based on Warehouse,حد الطلب بناء على المخزن,
Repeat Customer Revenue,إيرادات العملاء المكررين,
Repeat Customers,العملاء المتكررون,
Replied,تم الرد,
Report Date,تاريخ التقرير,
Report an Issue,بلغ عن خطأ,
Reports,التقارير,
Reports & Masters,التقارير والاساسيات,
Represents Company,يمثل شركة,
Reqd By Date,تاريخ الاستلام المطلوب,
Request Type,نوع الطلب,
Request for Quotation,طلب الحصول على عرض أسعار,
Requested For,الغرض من الطلب,
Requested Items To Be Ordered,طلبات شراء لم تطلب بعد,
Requested Items To Be Transferred,الأصناف المطلوبة المراد تحويلها,
Requested Qty,الكمية المطلوبة,
Required By,مطلوب بحلول,
Required Date,تاريخ الاستلام المطلوب,
Required Qty,الكمية المطلوبة,
Requires Fulfilment,يتطلب التحقيق,
Research & Development - E,البحث والتطوير,
Researcher,باحث,
"Reselect, if the chosen address is edited after save",أعد إختيار العنوان إذا قمت بالتعديل به بعد حفظ هذا المستند,
"Reselect, if the chosen contact is edited after save",أعد إختيار العميل إذا قمت بالتعديل ببياناته بعد حفظ هذا المستند,
Reseller,موزع,
Resend,إعادة الإرسال,
Reserve Stock,حجز المخزون,
Resolution,الحل,
Resolution Date,تاريخ الحل,
Resolution Details,تفاصيل الحل,
Resolution Time,وقت الحل,
Resolution Time Period,الوقت المستغرق للحل,
Resolved By,تم الحل بواسطة,
Response Key List,Response Key List,
Response Time Period,الوقت المستغرق للاستجابة,
Responsibilities,المسؤوليات,
Restore Asset,إستعادة الأصل,
Restrict order by owner,تقييد الطلب بالمستخدم,
Restrict tables by owner,تقيد الطاولة بالمستخدم,
Retail,البيع القطاعي,
Retail & Wholesale,بيع بالتجزئة والجملة,
Retailer,بائع بالتجزئة,
Retain Sample,الاحتفاظ بعينة,
Return,مرتجع,
Return Against,مرتجع عن,
Return Against Delivery Note,مرتجع مقابل إشعار تسليم,
Return Against Purchase Receipt,مرتجع مقابل إيصال استلام,
Returned Qty,الكمية المرتجعة,
Reverse Journal Entry,أنشاء قيد عكسي,
Review,المراجعة,
Review Chart of Accounts,مراجعة شجرة الحسابات,
Reviews,المراجعات,
Role Allowed to Create/Edit Back-dated Transactions,الوظيفة المسموح لها انشاء / تعديل الحركات القديمة,
Role Allowed to Over Bill,الوظيفة المسموح لها بتجاوز الفوترة,
Role Allowed to Over Deliver/Receive,الدور المسموح له بزيتدة التوصيل / الاستلام,
Role Allowed to edit frozen stock,الوظيفة المسموح لها بتعديل إدخالات المخزون المجمدة,
Role allowed to bypass Credit Limit,الوظيفة المسموح لها تجاوز حدود الائتمان,
Round Off Account,حساب التقريب,
Rounded Total,الإجمالي المقرَّب,
Rounded Total (Company Currency),الإجمالي المقرَّب (عملة الشركة),
Rounding Adjustment,تسوية التقريب,
Rounding Adjustment (Company Currency),تسوية التقريب (عملة الشركة),
Rounding Method,طريقة تقريب الإجمالي,
Route,المسار,
Rows with Same Account heads will be merged on Ledger,سيتم دمج الصفوف ذات رؤوس الحسابات نفسها في دفتر الأستاذ,
Rule Description,وصف الشرط,
S.O. No.,رقم أمر المبيعات,
SMS Center,مركز الرسائل النصية القصيرة (SMS),
SMS Gateway URL,رابط بوابة الSMS,
SMS Log,سجل الرسائل النصية القصيرة (SMS),
SMS Settings,إعدادات الرسائل النصية القصيرة (SMS),
SO Qty,كمية أمر المبيعات,
Salary Register,سجل الراتب ,
Salary Slip,كشف الراتب,
Salary Structure Assignment,تخصيص هيكل المرتبات,
Sales - E,المبيعات,
Sales Analytics,تحليلات المبيعات,
Sales Contributions and Incentives,مساهمات وحوافز البيع,
Sales Funnel,حركة المبيعات,
Sales Invoice,فاتورة مبيعات,
Sales Invoice Item,بند فاتورة المبيعات,
Sales Invoice Payment,سداد فاتورة المبيعات,
Sales Invoice Trends,مؤشرات فواتير البيع,
Sales Order,أمر مبيعات,
Sales Order Required,أمر المبيعات الزامي,
Sales Order Trends,معدلات أوامر المبيعات لكل صنف,
Sales Partner,شريك البيع,
Sales Partner Name,اسم شريك المبيعات,
Sales Partner Target Variance Based On Item Group,الفرق المستهدف لشركاء المبيعات استنادًا إلى مجموعة العناصر,
Sales Partners Commission,عمولات شركاء المبيعات,
Sales Person,مسئول المبيعات,
Sales Person-wise Transaction Summary,ملخص حركة المبيعات وفقا لمسئول المبيعات,
Sales Pipeline,قنوات البيع,
Sales Pipeline Analytics,تحليل انابيب المبيعات,
Sales Register,سجل المبيعات,
Sales Taxes and Charges,ضرائب ورسوم البيع,
Sales Taxes and Charges Template,نموذج الضرائب والرسوم على المبيعات,
Sales Team1,فريق المبيعات 1,
Sample Retention Warehouse,مخزن الاحتفاظ بالعينات,
Save,حفظ,
Save Customizations,حفظ التعديلات,
Scan Barcode,مسح الباركود,
Scheduled,مجدولة,
Scheduled Time,تاريخ ووقت الموعد,
Scoring Criteria,درجات المعايير,
Scrap Asset,تكهين الأصل,
Scrap Items,الأصناف  الهالكة,
Scrap Material Cost,تكلفة الكمية المهدرة,
Scrap Warehouse,مخزن الهالك,
Search Items,بحث عن الأصناف,
Search Sub Assemblies,البحث عن المنتجات النصف مصنعة,
Search or type a command ({0}),ابحث أو اكتب أمرًا ({0}),
Secretary,سكرتير,
Securities & Commodity Exchanges,أوراق مالية وتبادل سلع,
Select Languages,اختر اللغة,
Select Print Format,اختر تنسيق الطباعة,
Select Serial No,اختر الرقم التسلسلي,
Select Supplier Address,حدد عنوان المورد,
Sell Asset,بيع الأصل,
Selling,المبيعات,
Selling Settings,إعدادات المبيعات,
Send Email,إرسال بريد إلكتروني,
Send Link,إرسال الرابط,
Send Read Receipt,إرسال إشعار قراءة,
Send SMS,إرسال رسالة SMS,
Send To,إرسال إلى,
Send Unsubscribe Link,إرسال رابط إلغاء الإشتراك,
Send me a copy,إرسال نسخة لي,
Sender,المرسل,
Sent,تم الإرسال,
Serial & Batch Item,التسلسل ورقم الباتش,
Serial No,الرقم التسلسلي,
Serial No Details,تفاصيل الرقم التسلسلي,
Serial No Service Contract Expiry,الرقم التسلسلي لإنتهاء عقد الخدمة,
Serial No Status,حالة الرقم التسلسلي,
Serial No Warranty Expiry,الرقم التسلسلي لإنتهاء الضمان,
Serial No and Batch,الرقم التسلسلي والباتش,
Serial Number Series,سلسلة الرقم التسلسلي,
Series,السلسلة,
Service,خدمات,
Service Stop Date,تاريخ إيقاف الخدمة,
Session Expiry (idle timeout),انتهاء الجلسة - مهلة الخمول,
Set From Warehouse,تحديد مستودع الصرف,
Set Qty in Transactions based on Serial No Input,تحديد الكمية في المعاملات وفقا لعدد الارقام التسلسلية,
Set Source Warehouse,تحديد المخزن (المصدر),
Set Target Warehouse,تحديد مخزن الاستلام,
Set rate of sub-assembly item based on BOM,تحديد سعر الأصناف النصف مصنعة بناء على قائمة مكونات المواد,
Settings & Configurations,الإعدادات والتكوينات,
Share Ledger,دفتر استاذ الاسهم,
Share Management,ادارة الأسهم,
Share Transfer,نقل الاسهم,
Shelf Life In Days,العمر الإفتراضي بالأيام,
Shift & Attendance,الورديات والحضور,
Shift Assignment,تعيين الوردية ,
Shift Management,إدارة الورديات ,
Shift Request,طلب الوردية,
Shift Type,نوع الوردية ,
Shipping Address Name,عنوان الشحن,
Shipping Rule,شروط الشحن,
Shipping Rule Label,ملصق شروط الشحن,
Shipping Rule Type,نوع شروط الشحن,
Show Barcode Field,عرض خانة الباركود,
Show Barcode Field in Stock Transactions,اظهار خانة الباركود في العمليات المخزنية,
Show In Website,إظهار في الموقع الإلكتروني,
Show Return Entries,إظهار المرتجعات,
Show Stock Ageing Data,عرض معلومات أعمار المخزون,
Show Taxes as Table in Print,عرض الضرائب كجدول في الطباعه,
Show Variant Attributes,عرض مواصفات المتغيرات,
Show Warehouse-wise Stock,عرض المخزون وفقا للمخزن,
Show exploded view,عرض قائمة المكونات الشاملة ,
Show in Website,إظهاره في الموقع الالكتروني,
Sick Leave,أجازة مرضية,
Sign In,تسجيل الدخول,
Sign Up,إنشاء حساب,
Signed,مُوقع,
Signed On,تاريخ التوقيع,
Signee,الشخص المُوقع,
Skip Delivery Note,تخطي إشعار التسليم,
Soap & Detergent,صابون ومنظفات,
Software,برمجيات,
Software Developer,مطور برامج,
Softwares - ES,برامج,
Source Location,من موقع (المصدر),
Source Warehouse,المخزن (المصدر),
Split Early Payment Discount Loss into Income and Tax Loss,تقسيم خسارة خصم الدفع المبكر إلى الدخل وخسارة الضرائب,
Sports,رياضة,
Sr,س,
Staffing Plan,خطة التوظيف ,
Standard Buying,شراء قياسي,
Standard Selling Rate,سعر البيع الأساسي,
Standing Name,اسم التقييم,
Start Time,وقت البدء,
Static Parameters,المعاملات الثابتة,
Status,الحالة,
Statutory info and other general information about your Supplier,معلومات قانونية ومعلومات عامة أخرى عن المورد,
Stock,المخازن,
Stock Adjustment Account,حساب التسويات الجردية,
Stock Ageing,أعمار المخزون,
Stock Asset Account,حساب أصول المخزون,
Stock Closing,اغلاق المخزون,
Stock Entry,الحركة المخزنية,
Stock Entry Type,نوع الحركة المخزنية,
Stock Frozen Upto,تجميد إدخال المخزون حتى,
Stock In Hand - ES,الأسهم,
Stock Ledger,كارت الصنف,
Stock Options,خيارات الأسهم,
Stock Planning,تخطيط المخزون,
Stock Qty,كمية المخزون,
Stock Reconciliation,التسويات الجردية,
Stock Summary,ملخص المخزون,
Stock Transactions,حركات المخزون,
Stock Transactions Settings,اعدادات معاملات المخزون,
Stock UOM,وحدة قياس المخزون,
Stock Validations,التحقق من المخزون,
Stock and Account Value Comparison,مقارنة قيمة المخزون والحساب,
Stock transactions that are older than the mentioned days cannot be modified.,لا يمكن تعديل حركات المخزون الأقدم من الأيام المذكورة.,
Straight Line,القسط الثابت,
Subcontracted Item To Be Received,تقرير أذون استلام التشغيل لدى الغير,
Subcontracted Raw Materials To Be Transferred,تقرير أذون صرف التشغيل لدى الغير,
Subcontracting,التعاقد من الباطن,
Submitted,معتمدة,
Supplier,المورد,
Supplier Addresses And Contacts,عنواين وجهات اتصال المورد,
Supplier Delivery Note,إذن تسليم المورد,
Supplier Group,مجموعة المورد,
Supplier ID,رقم المورد,
Supplier Invoice Date,تاريخ فاتورة المورد,
Supplier Items,أصناف المورد,
Supplier Ledger Summary,كشف حساب الموردين,
Supplier Naming By,تسمية المورد ب,
Supplier Quotation,عرض أسعار المورد,
Supplier Scorecard Criteria,معايير تقييم بطاقة أداء المورد,
Supplier Scorecard Standing,تقييمات بطاقة أداء المورد,
Supplier Scorecard Variable,متغيرات بطاقة أداء المورد,
Supplier Type,نوع المورد,
Supplier Warehouse,مخزن المورد,
Supplier delivers to Customer,المورد هو الذي سيقوم بالتسليم للعميل,
Supplier-Wise Sales Analytics,تحليلات المبيعات وفقا للمورد,
Supply Raw Materials,هل سيتم صرف الخامات للتشغيل لدى الغير؟,
Support,الدعم,
Sync with Google Contacts,المزامنة مع جهات اتصال جوجل,
Synced With Hub,متزامن مع المركز الرئيسي,
System Updates,تحديثات النظام,
TIME SHEET LIST,قائمة الجداول الزمنية,
Target Amount,المبلغ المستهدف (المراد تحقيقه),
Target Distribution,توزيع الهدف,
Target Location,إلى موقع (الوجهة),
Target Qty,الكمية المستهدفة (المراد تحقيقها),
Target Warehouse,المخزن (المحول اليه),
Tax & Benefits,الضرائب والمزايا,
Tax Breakup,تفصيل الضريبة,
Tax Category,الفئة الضريبية,
Tax Detail,تفاصيل الضريبة,
Tax Id,رقم التسجيل الضريبي,
Tax Identification,البيانات الضريبية,
Tax Withholding,الضريبة المقتطعة,
Tax Withholding Category,فئة الاستقطاع الضريبي,
Tax Withholding Entries,قيود الاستقطاع الضريبي,
Tax Withholding Group,مجموعة الاستقطاع الضريبي,
Taxation,ضرائب الموظفين,
Taxes and Charges Added,الضرائب والرسوم المضافة,
Taxes and Charges Calculation,احتساب الضرائب والرسوم,
Taxes and Charges Deducted,الضرائب والرسوم المخصومة,
Team Updates,تحديثات فريق العمل ,
Technology,تكنولوجيا,
Telecommunications,اتصالات,
Telemetry,القياس عن بعد,
Television,تلفاز,
Template,نموذج,
Temporary Opening - ES,الافتتاح المؤقت,
Tenure,مدة الخدمة,
Terms,الشروط والأحكام,
Terms and Conditions Details,تفاصيل الشروط والأحكام,
Terms and Conditions Template,نموذج الشروط والأحكام,
Territory,المنطقة,
Test Email Address,عنوان البريد الإلكتروني للاختبار,
The BOM which will be replaced,قائمة مكونات المواد التي سيتم إستبدالها,
The new BOM after replacement,قائمة مكونات المواد الجديدة بعد الإستبدال,
"The percentage you are allowed to transfer more against the quantity ordered. For example, if you have ordered 100 units, and your Allowance is 10%, then you are allowed transfer 110 units.",النسبة المئوية المسموح لك بتحويلها أكثر مقابل الكمية المطلوبة. على سبيل المثال ، إذا طلبت 100 وحدة ، وكان المخصص الخاص بك 10٪ ، فيُسمح لك بنقل 110 وحدة.,
This is a root supplier group and cannot be edited.,هذه مجموعة موردين أصلية ولا يمكن تعديلها.,
Time,الوقت,
Time Between Operations (in mins),الوقت الفاصل بين عمليت التشغيل ( بالدقائق),
Time Sheet,الجداول الزمنية,
Time at which materials were received,وقت توريد الأصناف,
Title,الأسم,
To Date,حتى تاريخ,
To Package No.,إلى رقم الحزمة,
To Produce,المطلوب إنتاج,
To Track inbound purchase,لتتبع الشراء الوارد,
To Warehouse,إلى مخزن,
To be delivered to customer,ليتم تسليمها إلى العميل,
Total,الإجمالي,
Total (Company Currency),الإجمالي (بعملة الشركة),
Total Advance,اجمالي الدفعه المقدمة,
Total Billable Amount (via Timesheets),إجمالي المبلغ القابل للفوترة (وفقا للجداول الزمنية),
Total Billed Amount (via Sales Invoices),إجمالي المبلغ المفوتر (وفقا لفواتير المبيعات),
Total Billing Amount,إجمالي المبلغ المفوتر,
Total Billing Amount (via Time Sheet),إجمالي المبلغ المفوتر (وفقا للجداول الزمنية),
Total Billing Hours,إجمالي ساعات الفوترة,
Total Characters,مجموع الحروف,
Total Commission,إجمالي العمولة,
Total Consumed Material Cost (via Stock Entry),إجمالي تكلفة المواد المستهلكة (وفقا لحركات المخزون),
Total Cost,التكلفة الإجمالية,
Total Costing Amount (via Time Sheet),إجمالي مبلغ التكلفة (وفقا للجداول الزمنية),
Total Costing Amount (via Timesheets),إجمالي مبلغ التكلفة (وفقا للجداول الزمنية),
Total Credit,أجمالى الدائن,
Total Debit,أجمالى المدين,
Total Expense Claim (via Expense Claim),اجمالي مبلغ العهدة,
Total Expense Claim (via Expense Claims),إجمالي مطالبات المصروفات (وفقا لمطالبات المصروفات),
Total Incoming Bills,إجمالي الفواتير الواردة,
Total Incoming Payment,إجمالي المدفوعات الواردة,
Total Message(s),مجموع الرسائل,
Total Net Weight,إجمالي الوزن الصافي,
Total Number of Depreciations,عدد مرات الإهلاك,
Total Order Value,إجمالي قيمة الطلبات,
Total Outgoing Bills,إجمالي الفواتير الصادرة,
Total Outgoing Payment,إجمالي المدفوعات الصادرة,
Total Planned Qty,إجمالي الكمية المخططة,
Total Purchase Cost (via Purchase Invoice),إجمالي تكلفة الشراء (وفقا لفواتير المشتريات),
Total Quantity,إجمالي الكمية,
Total Sales Amount (via Sales Order),إجمالي مبلغ المبيعات (وفقا لأوامر المبيعات),
Total Taxes and Charges,إجمالي الضرائب والرسوم,
Total Taxes and Charges (Company Currency),إجمالي الضرائب والرسوم (بعملة الشركة),
Total Weight,الوزن الإجمالي,
Total(Amt),إجمالي المبلغ,
Total(Qty),إجمالي الكمية,
Totals (Company Currency),المجاميع (عملة الشركة),
Track this Sales Order against any Project,تتبع أمر البيع مقابل أى مشروع,
Training Feedback,ملاحظات التدريب,
Transaction,المعاملة,
Transaction ID,معرف المعاملة,
Transfer Asset,نقل الأصل,
Transferred Qty,الكمية المحولة,
Transgender,المتحول جنسيا,
Transport Receipt Date,تاريخ إذن التوصيل,
Transport Receipt No,رقم إذن التوصيل,
Transportation,نقل,
Transporter Info,بيانات الناقل,
Transporter Name,اسم السائق,
Tree of Procedures,شجرة إجراءات الجودة,
Trial Balance for Party,ميزان المراجعة للطرف المعني,
Try planning operations for X days in advance.,محاولة تخطيط التشغيل مقدما لعدد من الأيام,
Type,النوع,
UOM Conversion Factor,معامل تحويل وحدة القياس,
UOM Name,اسم وحدة القياس,
UTM Analytics,تحليلات UTM,
Unallocated Amount,المبلغ غير المخصص,
Under AMC,خلال عقد الصيانة السنوي,
Unit of Measure (UOM),وحدة القياس,
Unpaid,غير مسددة,
Unrealized Exchange Gain/Loss Account,الأرباح / الخسائر غير المحققة تغيير العملة,
Unscheduled,غير مجدولة,
Unsubscribed,غير مشترك,
Unverified,غير مؤكد,
Update Auto Repeat Reference,تحديث مرجع التكرار التلقائي,
Update BOM Cost Automatically,تحديث تكلفة قائمة مكونات المواد تلقائيا,
"Update BOM cost automatically via Scheduler, based on latest valuation rate / price list rate / last purchase rate of raw materials.",تحديث تكلفة قائمة مكونات المواد تلقائيا بناء على اخر سعر تكلفة / سعر قائمة الأسعار / اخر سعر شراء للمواد الخام,
Update Billed Amount in Delivery Note,تحديث المبلغ المفوتر في إذن التسليم,
Update Billed Amount in Sales Order,تحديث المبلغ المفوتر في أمر البيع,
Update Existing Price List Rate,تحديث قائمة الأسعار الحالية,
Update Outstanding for Self,تحديث المتبقي على نفس الفاتورة,
Update Rate and Availability,تحديث الاسعار والكميات المتوفره,
Update Stock,تحديث المخزون,
Update latest price in all BOMs,تحديث اخر سعر في جميع قوائم مكونات المواد,
Updating Opening Balances,تحديث الأرصدة الافتتاحية,
Upload,رفع,
Upload Bank Statement,تحميل كشف حساب بنكي,
Upper Income,دخل أعلى,
Use Company default Cost Center for Round off,استخدام مركز تكلفة الشركة الافتراضي للتقريب,
Use Multi-Level BOM,استخدام قائمة مكونات مواد متعدد المستويات,
Use Naming Series,إستخدام التسمية التسلسلية,
Used,عدد مرات الاستخدام,
User,المستخدم,
User Forum ,منتدى المستخدمين,
User Id,اسم المستخدم,
User Permission,صلاحيات المستخدم,
Username,اسم المستخدم,
Users and Permissions,المستخدمين والصلاحيات,
Users with this role are allowed to over bill above the allowance percentage,يسمح للموظفين بهذه الوظيفة بتسجيل الفواتير اعلى من المسموح,
VAT,ضريبة القيمة المضافة,
Valid From,صالحة من,
Valid Upto,صالحة حتى,
Valid for Countries,تطبق في الدول,
Validate Applied Rule,التحقق من الشرط المطبق,
Validate Selling Price for Item against Purchase Rate or Valuation Rate,التحقق من سعر البيع للصنف مقابل سعر الشراء أو سعر التكلفة,
Valuation Method,طريقة حساب التكلفة,
Valuation Rate,سعر التكلفة,
Value,القيمة,
Value Or Qty,القيمة أو الكمية,
Variant,متغير,
Variant Of,متغير من,
Vehicle,المركبة,
Vehicle Date,تاريخ النقل,
Vehicle Log,سجل المركبة,
Vehicle Number,رقم المركبة,
Venture Capital,رأس مال استثماري,
Verified By,تم التحقق بواسطة,
Via Customer Portal,عبر بوابة العميل,
View,اظهار,
View Cost Center Tree,عرض شجرة مراكز التكلفة,
View Ledger,الاستاذ العام,
View List,اظهار قائمة,
Volunteer,متطوع,
Volunteer Skill,مهارة المتطوع,
Volunteer Type,نوع المتطوع,
Volunteers,المتطوعون,
Voucher #,رقم المستند,
Voucher Type,نوع المستند,
WIP Warehouse,مخزن تحت التشغيل,
Warehouse,المخزن,
Warehouse Name,اسم المخزن,
Warehouse Type,نوع المخزن,
Warehouse Wise Stock Balance,رصيد المستودع,
Warehouse and Reference,المستودع والمرجع,
Warehouse where you are maintaining stock of rejected items,المخزن الذي سيتم تخزين فيه الأصناف المرفوضة,
Warn RFQs,تحذير طلبات الحصول على عرض أسعار,
Warranty / AMC Status,حالة الضمان / عقد الصيانة السنوي,
Warranty Expiry Date,تاريخ إنتهاء الضمان,
Watch Tutorial,شاهد الشرح,
Website,الموقع الإلكتروني,
Website Specifications,مواصفات الموقع الإلكتروني,
Weekly,أسبوعي,
Weight Per Unit,الوزن للوحدة,
Weight UOM,وحدة الوزن,
Weighting Function,وزن المعادلة,
Welcome! Please sign in to continue.,أهلاً! سجّل الدخول للمتابعة.,
What did you work on today?,ماذا عملت اليوم؟,
Will also apply for variants unless overrridden,سوف تطبق أيضا على المتغيرات إلا إذا تم تجاوزها,
Wire Transfer,حوالة مصرفية,
With Operations,يوجد عمليات انتاجية,
Work In Progress,تحت التنفيذ,
Work Order,أمر الشغل,
Work Order Consumed Materials,المواد المستهلكة لأمر العمل,
Work Order Qty,كمية أمر الإنتاج,
Work Orders in Progress,أوامر إنتاج تحت التنفيذ,
Work-in-Progress Warehouse,مخزن تحت التشغيل,
Workday,يوم العمل,
Working,يتم العمل عليه,
Working Hours,ساعات العمل,
Workspace,مساحة عمل,
Workstation Type,نوع محطة العمل,
Write Off,الديون المعدومة,
Write Off Account,حساب الديون المعدومة,
Write Off Amount,مبلغ الديون المعدومة,
Write Off Amount (Company Currency),مبلغ الإعدام (بعملة الشركة),
Write Off Based On,الشطب بناءً على,
Write Off Cost Center,مركز تكلفة الديون المعدومة,
Write Off Difference Amount,شطب مبلغ الفرق,
Write Off Entry,تسويات الديون المعدومة,
Write Off Outstanding Amount,إعدام المبلغ المتبقي,
Writeoff,شطب,
Yearly,سنوي,
Yellow,أصفر,
Your Shortcuts,الاختصارات,
ZATCA,الزكاة والضريبة,
draft,مسودة,
"e.g. ""Summer Holiday 2019 Offer 20""","مثل ""عرض أجازة الصيف 2019""",
for reference only ,هذا مرجع فقط,
implementer,المنفذ,
letter Head,ترويسة,
pending,معلق,
per hour,في الساعة,
user,مستخدم,
ائتمان,دائن,
الائتمان (SAR),دائن (SAR),
دخول فتح نقاط البيع,فتح نقاط البيع,
قرض,السلفة,
